key,label,baseUnit,pricePerBase,cupOz,packSize,packUnit
00_flour,00 Flour,lb,1.8,,,
2%_milk,2% Milk,gallon,4.6,,,
active_dry_yeast,Active Dry Yeast,lb,1.8,3.2,,
agave_syrup,Agave Syrup,cup,0.8,,,
all_purpose_flour,All-Purpose Flour,lb,1.8,4.5,,
allspice_ground,Allspice Ground,lb,1.8,,,
almond_butter,Almond Butter,lb,4.0,9.6,,
almond_extract,Almond Extract,cup,0.8,,,
almond_flour,Almond Flour,oz,0.35,3.9,,
almond_milk_unsweetened,Almond Milk (unsweetened),oz,0.06,,,
almond milk,Almond milk (unsweetened),cup,0.45,,,
almonds_sliced,Almonds Sliced,oz,0.35,,,
almonds_slivered,Almonds Slivered,oz,0.35,,,
aloe_vera_drink,Aloe Vera Drink,oz,0.05,,,
amberjack_fillet,Amberjack Fillet,lb,9.5,,,
amberjack_steak,Amberjack Steak,lb,9.5,,,
amberjack_whole,Amberjack Whole,lb,9.5,,,
anaheim_pepper,Anaheim Pepper,lb,1.8,,,
anchovies_canned,Anchovies (canned),can,2.8,,1.0,can
apple,Apple (Gala),lb,1.49,,,
apple_juice,Apple Juice,oz,0.04,,,
arrowroot_starch,Arrowroot Starch,lb,1.8,4.0,,
arugula,Arugula,lb,1.8,,,
asparagus,Asparagus,lb,1.8,,,
avocado,Avocado,each,1.2,,,
bbq sauce,BBQ sauce,tbsp,0.1,,,
bacon,Bacon,lb,5.49,,,
baking_powder,Baking powder,oz,0.2,4.4,8.0,oz
baking_soda,Baking soda,oz,0.1,4.8,8.0,oz
banana,Banana,lb,0.59,,,
barramundi_fillet,Barramundi Fillet,lb,8.5,,,
barramundi_steak,Barramundi Steak,lb,8.5,,,
barramundi_whole,Barramundi Whole,lb,8.5,,,
basil,Basil (dried),tsp,0.06,,,
beef_back_ribs_bone_in,Beef Back Ribs Bone In,lb,7.5,,,
beef_back_ribs_boneless,Beef Back Ribs Boneless,lb,7.5,,,
beef_back_ribs_roast,Beef Back Ribs Roast,lb,7.5,,,
beef_back_ribs_steak,Beef Back Ribs Steak,lb,7.5,,,
beef_back_ribs_thick_cut,Beef Back Ribs Thick Cut,lb,7.5,,,
beef_back_ribs_thin_cut,Beef Back Ribs Thin Cut,lb,7.5,,,
beef_brisket_flat_bone_in,Beef Brisket Flat Bone In,lb,7.5,,,
beef_brisket_flat_boneless,Beef Brisket Flat Boneless,lb,7.5,,,
beef_brisket_flat_roast,Beef Brisket Flat Roast,lb,7.5,,,
beef_brisket_flat_steak,Beef Brisket Flat Steak,lb,7.5,,,
beef_brisket_flat_thick_cut,Beef Brisket Flat Thick Cut,lb,7.5,,,
beef_brisket_flat_thin_cut,Beef Brisket Flat Thin Cut,lb,7.5,,,
beef_brisket_point_bone_in,Beef Brisket Point Bone In,lb,7.5,,,
beef_brisket_point_boneless,Beef Brisket Point Boneless,lb,7.5,,,
beef_brisket_point_roast,Beef Brisket Point Roast,lb,7.5,,,
beef_brisket_point_steak,Beef Brisket Point Steak,lb,7.5,,,
beef_brisket_point_thick_cut,Beef Brisket Point Thick Cut,lb,7.5,,,
beef_brisket_point_thin_cut,Beef Brisket Point Thin Cut,lb,7.5,,,
beef_chuck_roast_bone_in,Beef Chuck Roast Bone In,lb,7.5,,,
beef_chuck_roast_boneless,Beef Chuck Roast Boneless,lb,7.5,,,
beef_chuck_roast_roast,Beef Chuck Roast Roast,lb,7.5,,,
beef_chuck_roast_steak,Beef Chuck Roast Steak,lb,7.5,,,
beef_chuck_roast_thick_cut,Beef Chuck Roast Thick Cut,lb,7.5,,,
beef_chuck_roast_thin_cut,Beef Chuck Roast Thin Cut,lb,7.5,,,
beef_flank_bone_in,Beef Flank Bone In,lb,9.0,,,
beef_flank_boneless,Beef Flank Boneless,lb,9.0,,,
beef_flank_roast,Beef Flank Roast,lb,9.0,,,
beef_flank_steak,Beef Flank Steak,lb,9.0,,,
beef_flank_thick_cut,Beef Flank Thick Cut,lb,9.0,,,
beef_flank_thin_cut,Beef Flank Thin Cut,lb,9.0,,,
beef_flat_iron_bone_in,Beef Flat Iron Bone In,lb,9.0,,,
beef_flat_iron_boneless,Beef Flat Iron Boneless,lb,9.0,,,
beef_flat_iron_roast,Beef Flat Iron Roast,lb,9.0,,,
beef_flat_iron_steak,Beef Flat Iron Steak,lb,9.0,,,
beef_flat_iron_thick_cut,Beef Flat Iron Thick Cut,lb,9.0,,,
beef_flat_iron_thin_cut,Beef Flat Iron Thin Cut,lb,9.0,,,
beef_ground_80_20,Beef Ground 80/20,lb,5.0,,,
beef_ground_90_10,Beef Ground 90/10,lb,6.0,,,
beef_hanger_bone_in,Beef Hanger Bone In,lb,9.0,,,
beef_hanger_boneless,Beef Hanger Boneless,lb,9.0,,,
beef_hanger_roast,Beef Hanger Roast,lb,9.0,,,
beef_hanger_steak,Beef Hanger Steak,lb,9.0,,,
beef_hanger_thick_cut,Beef Hanger Thick Cut,lb,9.0,,,
beef_hanger_thin_cut,Beef Hanger Thin Cut,lb,9.0,,,
beef_oxtail_bone_in,Beef Oxtail Bone In,lb,7.5,,,
beef_oxtail_boneless,Beef Oxtail Boneless,lb,7.5,,,
beef_oxtail_roast,Beef Oxtail Roast,lb,7.5,,,
beef_oxtail_steak,Beef Oxtail Steak,lb,7.5,,,
beef_oxtail_thick_cut,Beef Oxtail Thick Cut,lb,7.5,,,
beef_oxtail_thin_cut,Beef Oxtail Thin Cut,lb,7.5,,,
beef_ribeye_bone_in,Beef Ribeye Bone In,lb,15.0,,,
beef_ribeye_boneless,Beef Ribeye Boneless,lb,15.0,,,
beef_ribeye_roast,Beef Ribeye Roast,lb,15.0,,,
beef_ribeye_steak,Beef Ribeye Steak,lb,15.0,,,
beef_ribeye_steak_large,Beef Ribeye Steak Large,lb,15.0,,,
beef_ribeye_steak_medium,Beef Ribeye Steak Medium,lb,15.0,,,
beef_ribeye_steak_small,Beef Ribeye Steak Small,lb,15.0,,,
beef_ribeye_thick_cut,Beef Ribeye Thick Cut,lb,15.0,,,
beef_ribeye_thin_cut,Beef Ribeye Thin Cut,lb,15.0,,,
beef_shank_bone_in,Beef Shank Bone In,lb,7.5,,,
beef_shank_boneless,Beef Shank Boneless,lb,7.5,,,
beef_shank_roast,Beef Shank Roast,lb,7.5,,,
beef_shank_steak,Beef Shank Steak,lb,7.5,,,
beef_shank_thick_cut,Beef Shank Thick Cut,lb,7.5,,,
beef_shank_thin_cut,Beef Shank Thin Cut,lb,7.5,,,
beef_short_ribs_bone_in,Beef Short Ribs Bone In,lb,7.5,,,
beef_short_ribs_boneless,Beef Short Ribs Boneless,lb,7.5,,,
beef_short_ribs_roast,Beef Short Ribs Roast,lb,7.5,,,
beef_short_ribs_steak,Beef Short Ribs Steak,lb,7.5,,,
beef_short_ribs_thick_cut,Beef Short Ribs Thick Cut,lb,7.5,,,
beef_short_ribs_thin_cut,Beef Short Ribs Thin Cut,lb,7.5,,,
beef_sirloin_bone_in,Beef Sirloin Bone In,lb,9.0,,,
beef_sirloin_boneless,Beef Sirloin Boneless,lb,9.0,,,
beef_sirloin_roast,Beef Sirloin Roast,lb,9.0,,,
beef_sirloin_steak,Beef Sirloin Steak,lb,9.0,,,
beef_sirloin_thick_cut,Beef Sirloin Thick Cut,lb,9.0,,,
beef_sirloin_thin_cut,Beef Sirloin Thin Cut,lb,9.0,,,
beef_skirt_bone_in,Beef Skirt Bone In,lb,9.0,,,
beef_skirt_boneless,Beef Skirt Boneless,lb,9.0,,,
beef_skirt_roast,Beef Skirt Roast,lb,9.0,,,
beef_skirt_steak,Beef Skirt Steak,lb,9.0,,,
beef_skirt_thick_cut,Beef Skirt Thick Cut,lb,9.0,,,
beef_skirt_thin_cut,Beef Skirt Thin Cut,lb,9.0,,,
beef_stew_meat_bone_in,Beef Stew Meat Bone In,lb,7.5,,,
beef_stew_meat_boneless,Beef Stew Meat Boneless,lb,7.5,,,
beef_stew_meat_roast,Beef Stew Meat Roast,lb,7.5,,,
beef_stew_meat_steak,Beef Stew Meat Steak,lb,7.5,,,
beef_stew_meat_thick_cut,Beef Stew Meat Thick Cut,lb,7.5,,,
beef_stew_meat_thin_cut,Beef Stew Meat Thin Cut,lb,7.5,,,
beef_strip_bone_in,Beef Strip Bone In,lb,15.0,,,
beef_strip_boneless,Beef Strip Boneless,lb,15.0,,,
beef_strip_roast,Beef Strip Roast,lb,15.0,,,
beef_strip_steak,Beef Strip Steak,lb,15.0,,,
beef_strip_thick_cut,Beef Strip Thick Cut,lb,15.0,,,
beef_strip_thin_cut,Beef Strip Thin Cut,lb,15.0,,,
beef_tenderloin_bone_in,Beef Tenderloin Bone In,lb,15.0,,,
beef_tenderloin_boneless,Beef Tenderloin Boneless,lb,15.0,,,
beef_tenderloin_roast,Beef Tenderloin Roast,lb,15.0,,,
beef_tenderloin_steak,Beef Tenderloin Steak,lb,15.0,,,
beef_tenderloin_thick_cut,Beef Tenderloin Thick Cut,lb,15.0,,,
beef_tenderloin_thin_cut,Beef Tenderloin Thin Cut,lb,15.0,,,
beef_tri_tip_bone_in,Beef Tri Tip Bone In,lb,7.5,,,
beef_tri_tip_boneless,Beef Tri Tip Boneless,lb,7.5,,,
beef_tri_tip_roast,Beef Tri Tip Roast,lb,7.5,,,
beef_tri_tip_steak,Beef Tri Tip Steak,lb,7.5,,,
beef_tri_tip_thick_cut,Beef Tri Tip Thick Cut,lb,7.5,,,
beef_tri_tip_thin_cut,Beef Tri Tip Thin Cut,lb,7.5,,,
beet,Beet,lb,1.8,,,
bell_pepper_green,Bell Pepper Green,lb,1.8,,,
bell_pepper_orange,Bell Pepper Orange,lb,1.8,,,
bell_pepper_red,Bell Pepper Red,lb,1.8,,,
bell_pepper_yellow,Bell Pepper Yellow,lb,1.8,,,
bell pepper,Bell pepper,each,0.9,,,
bell_pepper_med,Bell pepper (medium),each,0.9,,3.0,each
bison_ground,Bison Ground,lb,8.0,,,
bison_ribeye_steak,Bison Ribeye Steak,lb,12.0,,,
bittersweet_baking_chocolate,Bittersweet Baking Chocolate,oz,0.6,,,
black_tea_bags,Black Tea Bags,each,0.2,,,
beans_black_canned,Black beans (canned),can,1.0,,1.0,can
black pepper,Black pepper,oz,0.6,,,
bloody_mary_mix,Bloody Mary Mix,oz,0.07,,,
blue_crumbled,Blue cheese (crumbled),oz,0.65,5.0,8.0,oz
blueberries,Blueberries,pint,3.49,,,
bok_choy,Bok Choy,lb,1.8,,,
bottled_water_1_l,Bottled Water (1 L),oz,0.018,,,
bottled_water_16.9_oz,Bottled Water (16.9 oz),oz,0.02,,,
bread,Bread (sandwich loaf),each,2.5,,,
bread_flour,Bread Flour,lb,1.8,4.8,,
breadcrumbs,Breadcrumbs (dry),oz,0.1,,15.0,oz
broccoli,Broccoli crowns,lb,1.8,,,
broccolini,Broccolini,lb,1.8,,,
brown_rice_dry,Brown rice (dry),lb,1.5,6.0,2.0,lb
brown sugar,Brown sugar (packed),lb,1.1,,,
brussels_sprouts,Brussels Sprouts,lb,1.8,,,
buckwheat_flour,Buckwheat Flour,lb,1.8,,,
butter,Butter,stick,1.0,,4.0,stick
butter_extract,Butter Extract,cup,0.8,,,
butter_lettuce,Butter Lettuce,lb,1.8,,,
buttercream_frosting,Buttercream Frosting,cup,0.8,,,
buttermilk,Buttermilk,cup,0.65,,1.0,qt
butterscotch_chips,Butterscotch Chips,lb,4.0,,,
cabbage_green,Cabbage Green,lb,1.8,,,
cabbage_red,Cabbage Red,lb,1.8,,,
cake_flour,Cake Flour,lb,1.8,4.0,,
candied_ginger,Candied Ginger,lb,1.8,,,
candied_lemon_peel,Candied Lemon Peel,lb,1.8,,,
candied_orange_peel,Candied Orange Peel,lb,1.8,,,
canola oil,Canola oil,tbsp,0.05,,,
caramel_sauce,Caramel Sauce,cup,0.8,,,
cardamom_ground,Cardamom Ground,lb,1.8,,,
carrot,Carrot,lb,1.8,,,
carrot_juice,Carrot Juice,oz,0.07,,,
carrots,Carrots,lb,1.0,,1.0,lb
cashews,Cashews,oz,0.75,,,
catfish_fillet,Catfish Fillet,lb,8.5,,,
catfish_steak,Catfish Steak,lb,8.5,,,
catfish_whole,Catfish Whole,lb,8.5,,,
cauliflower,Cauliflower,lb,2.49,,,
cayenne,Cayenne pepper,tsp,0.05,,2.5,oz
celeriac,Celeriac,lb,1.8,,,
celery,Celery,lb,1.5,,,
celery_stalks,Celery Stalks,lb,1.8,,,
cheddar_block,Cheddar (block),oz,0.25,,16.0,oz
cheddar_shredded,Cheddar (shredded),oz,0.28,4.0,8.0,oz
cheddar,Cheddar cheese,lb,4.0,,,
cherry_tomatoes,Cherry Tomatoes,lb,1.8,,,
chia_seeds,Chia Seeds,oz,0.35,,,
chicken_breast_large,Chicken Breast Large,lb,3.5,,,
chicken_breast_medium,Chicken Breast Medium,lb,3.5,,,
chicken_breast_small,Chicken Breast Small,lb,3.5,,,
chicken_breasts_bone_in,Chicken Breasts Bone In,lb,3.5,,,
chicken_breasts_boneless_skinless,Chicken Breasts Boneless Skinless,lb,3.5,,,
chicken_drumsticks,Chicken Drumsticks,lb,1.8,,,
chicken_ground,Chicken Ground,lb,3.2,,,
chicken_leg_quarters,Chicken Leg Quarters,lb,3.2,,,
chicken_tenders,Chicken Tenders,lb,3.2,,,
chicken_thighs_bone_in,Chicken Thighs Bone In,lb,2.2,,,
chicken_thighs_boneless_skinless,Chicken Thighs Boneless Skinless,lb,2.2,,,
chicken_thighs_skin_on,Chicken Thighs Skin On,lb,2.2,,,
chicken_thighs_skinless,Chicken Thighs Skinless,lb,2.2,,,
chicken_thighs_trimmed,Chicken Thighs Trimmed,lb,2.2,,,
chicken_whole,Chicken Whole,lb,1.6,,,
chicken_wings,Chicken Wings,lb,2.5,,,
chicken breast,Chicken breast (boneless),lb,3.5,,,
chicken drumsticks,Chicken drumsticks,lb,1.8,,,
chicken thighs,Chicken thighs (bone-in),lb,2.2,,,
chickpeas,Chickpeas (canned),can,1.1,,,
chili powder,Chili powder,tsp,0.08,,,
chives,Chives,lb,1.8,,,
chocolate_chunks,Chocolate Chunks,oz,0.6,5.8,,
chocolate_sprinkles,Chocolate Sprinkles,oz,0.6,,,
chocolate chips,Chocolate chips,oz,0.2,,,
cilantro,Cilantro bunch,each,0.99,,,
cinnamon,Cinnamon (ground),tsp,0.08,,,
cinnamon_sticks,Cinnamon Sticks,lb,1.8,,,
clams_cherrystone,Clams Cherrystone,lb,8.0,,,
clams_littleneck,Clams Littleneck,lb,8.0,,,
cloves_ground,Cloves Ground,lb,1.8,,,
club_soda_1_l,Club Soda (1 L),oz,0.03,,,
cocoa_nibs,Cocoa Nibs,oz,0.6,4.6,,
cocoa_powder_dutch,Cocoa Powder Dutch,oz,0.6,3.5,,
cocoa_powder_natural,Cocoa Powder Natural,oz,0.6,3.2,,
cocoa powder,Cocoa powder,oz,0.35,,,
coconut_shredded,Coconut (shredded),oz,0.2,3.0,14.0,oz
coconut_extract,Coconut Extract,cup,0.8,,,
coconut_flakes,Coconut Flakes,oz,0.3,,,
coconut_flour,Coconut Flour,oz,0.3,4.3,,
coconut_milk_beverage_carton,Coconut Milk Beverage (carton),oz,0.055,,,
coconut_sugar,Coconut Sugar,oz,0.3,,,
coconut_water_11.2_oz,Coconut Water (11.2 oz),oz,0.06,,,
coconut milk,Coconut milk (canned),can,2.0,,,
cod_fillet,Cod Fillet,lb,8.5,,,
cod_fillet_skin_on,Cod Fillet Skin On,lb,8.5,,,
cod_fillet_skinless,Cod Fillet Skinless,lb,8.5,,,
cod_fillet_trimmed,Cod Fillet Trimmed,lb,8.5,,,
cod_steak,Cod Steak,lb,8.5,,,
cod_whole,Cod Whole,lb,8.5,,,
coffee_beans_whole,Coffee Beans (whole),lb,12.0,,,
cola_12_oz_can,Cola (12 oz can),oz,0.03,,,
cold_brew_coffee_bottle,Cold Brew Coffee (bottle),oz,0.1,,,
collard_greens,Collard Greens,lb,1.8,,,
corn canned,Corn (canned),can,1.0,,,
corn frozen,Corn (frozen),lb,1.5,,,
corn_flour,Corn Flour,lb,1.8,,,
corn_syrup,Corn Syrup,cup,0.8,11.4,,
cornish_hen_whole,Cornish Hen Whole,lb,3.2,,,
cornmeal,Cornmeal,lb,0.9,,2.0,lb
cornmeal_coarse,Cornmeal Coarse,lb,1.8,,,
cornmeal_fine,Cornmeal Fine,lb,1.8,,,
cornmeal_medium,Cornmeal Medium,lb,1.8,,,
cornstarch,Cornstarch,oz,0.1,4.0,16.0,oz
crab_blue_whole,Crab Blue Whole,lb,14.0,,,
crab_king_legs,Crab King Legs,lb,16.0,,,
crab_lump_meat_fresh,Crab Lump Meat Fresh,lb,14.0,,,
crab_snow_legs,Crab Snow Legs,lb,16.0,,,
cranberry_juice_cocktail,Cranberry Juice Cocktail,oz,0.05,,,
crawfish_tail_meat,Crawfish Tail Meat,lb,8.0,,,
crawfish_whole,Crawfish Whole,lb,8.0,,,
cream_cheese_frosting,Cream Cheese Frosting,cup,0.8,,,
cream_of_coconut,Cream Of Coconut,cup,0.8,,,
cream_of_tartar,Cream Of Tartar,cup,0.8,,,
cream cheese,Cream cheese,oz,0.25,,,
cremini_mushrooms,Cremini Mushrooms,lb,1.8,,,
crushed_tomatoes_can,Crushed tomatoes (can),can,1.5,,1.0,can
cucumber,Cucumber,each,0.79,,,
cumin,Cumin (ground),tsp,0.1,,,
custard_powder,Custard Powder,oz,0.3,,,
daikon,Daikon,lb,1.8,,,
dates_chopped,Dates Chopped,lb,1.8,,,
demerara_sugar,Demerara Sugar,lb,1.8,,,
diet_cola_12_oz_can,Diet Cola (12 oz can),oz,0.03,,,
dill,Dill,lb,1.8,,,
dried_apricots,Dried Apricots,lb,1.8,,,
dried_cherries,Dried Cherries,lb,1.8,,,
dried_cranberries,Dried Cranberries,lb,1.8,,,
dried_figs,Dried Figs,lb,1.8,,,
duck_breast,Duck Breast,lb,6.5,,,
duck_breast_skin_on,Duck Breast Skin On,lb,6.5,,,
duck_breast_skinless,Duck Breast Skinless,lb,6.5,,,
duck_breast_trimmed,Duck Breast Trimmed,lb,6.5,,,
duck_legs,Duck Legs,lb,5.0,,,
duck_whole,Duck Whole,lb,4.5,,,
dulce_de_leche,Dulce De Leche,lb,1.8,,,
edamame_in_pod,Edamame In Pod,lb,1.8,,,
eggplant,Eggplant,lb,1.8,,,
eggs,Eggs,each,0.25,,12.0,each
electrolyte_water,Electrolyte Water,oz,0.045,,,
elk_ground,Elk Ground,lb,8.0,,,
elk_steaks,Elk Steaks,lb,12.0,,,
endive,Endive,lb,1.8,,,
energy_drink_16_oz,Energy Drink (16 oz),oz,0.085,,,
energy_drink_8.4_oz,Energy Drink (8.4 oz),oz,0.1,,,
english_cucumber,English Cucumber,lb,1.8,,,
enoki_mushrooms,Enoki Mushrooms,lb,1.8,,,
escarole,Escarole,lb,1.8,,,
evaporated_milk,Evaporated milk (can),can,1.6,,1.0,can
fennel_bulb,Fennel Bulb,lb,1.8,,,
feta_crumbled,Feta (crumbled),oz,0.5,5.0,8.0,oz
fingerling_potatoes,Fingerling Potatoes,lb,1.8,,,
fish sauce,Fish sauce,tbsp,0.12,,,
flavored_sparkling_water_12_oz_can,Flavored Sparkling Water (12 oz can),oz,0.035,,,
flaxseed_ground,Flaxseed Ground,oz,0.35,,,
flounder_fillet,Flounder Fillet,lb,8.5,,,
flounder_steak,Flounder Steak,lb,8.5,,,
flounder_whole,Flounder Whole,lb,8.5,,,
flour,Flour (all-purpose),lb,0.6,,,
bread flour,Flour (bread),lb,0.75,,,
fondant,Fondant,oz,0.3,,,
fruit_preserves,Fruit Preserves,oz,0.3,,,
ganache,Ganache,oz,0.3,,,
garam_masala,Garam masala,tsp,0.08,,2.5,oz
garlic,Garlic,oz,0.4,,3.0,oz
garlic_bulb,Garlic Bulb,lb,1.8,,,
ghee,Ghee,lb,4.0,,,
ginger_ground,Ginger (ground),tsp,0.05,,2.5,oz
ginger_ale_12_oz_can,Ginger Ale (12 oz can),oz,0.03,,,
ginger_beer_non_alcoholic,Ginger Beer (non-alcoholic),oz,0.06,,,
ginger_root,Ginger Root,lb,1.8,,,
ginger,Ginger root,lb,2.99,,,
glaze_icing,Glaze Icing,cup,0.8,,,
glucose_syrup,Glucose Syrup,cup,0.8,,,
goat_leg,Goat Leg,lb,7.0,,,
goat_shoulder,Goat Shoulder,lb,7.0,,,
goat_stew_meat,Goat Stew Meat,lb,7.0,,,
golden_syrup,Golden Syrup,cup,0.8,,,
goose_breast,Goose Breast,lb,6.5,,,
goose_whole,Goose Whole,lb,4.5,,,
graham_cracker_crumbs,Graham Cracker Crumbs,oz,0.3,,,
granulated_sugar,Granulated Sugar,lb,1.8,7.0,,
grape_juice,Grape Juice,oz,0.05,,,
grape_tomatoes,Grape Tomatoes,lb,1.8,,,
grapefruit_juice,Grapefruit Juice,oz,0.05,,,
greek_yogurt,Greek Yogurt,lb,4.0,,,
green_beans,Green Beans,lb,1.8,,,
green_juice_blend,Green Juice Blend,oz,0.08,,,
green_leaf_lettuce,Green Leaf Lettuce,lb,1.8,,,
green_onion,Green Onion,lb,1.8,,,
green_tea_bags,Green Tea Bags,each,0.22,,,
green chiles,Green chiles (canned),can,1.0,,,
green onion,Green onions,each,0.99,,,
grenadine,Grenadine,oz,0.1,,,
ground_coffee,Ground Coffee,lb,10.0,,,
ground beef,Ground beef (80/20),lb,4.19,,,
ground turkey,Ground turkey (93%),lb,3.49,,,
grouper_fillet,Grouper Fillet,lb,8.5,,,
grouper_steak,Grouper Steak,lb,8.5,,,
grouper_whole,Grouper Whole,lb,8.5,,,
habanero,Habanero,lb,1.8,,,
haddock_fillet,Haddock Fillet,lb,8.5,,,
haddock_steak,Haddock Steak,lb,8.5,,,
haddock_whole,Haddock Whole,lb,8.5,,,
hake_fillet,Hake Fillet,lb,9.0,,,
hake_steak,Hake Steak,lb,9.0,,,
hake_whole,Hake Whole,lb,9.0,,,
half and half,Half & half,cup,0.35,,,
half_and_half,Half And Half,lb,1.8,,,
half_and_half,Half and Half,qt,2.5,,,
halibut_fillet,Halibut Fillet,lb,14.0,,,
halibut_steak,Halibut Steak,lb,14.0,,,
halibut_whole,Halibut Whole,lb,14.0,,,
ham,Ham (sliced),lb,4.49,,,
hamburger buns,Hamburger buns,each,0.35,,,
hazelnut_spread,Hazelnut Spread,oz,0.35,,,
hazelnuts,Hazelnuts,oz,0.85,,,
heavy_cream,Heavy cream,tbsp,0.1,,16.0,fl oz
herbal_tea_bags,Herbal Tea Bags,each,0.25,,,
herring_fillet,Herring Fillet,lb,9.0,,,
herring_steak,Herring Steak,lb,9.0,,,
herring_whole,Herring Whole,lb,9.0,,,
honey,Honey,tbsp,0.3,12.0,,
hot_cocoa_mix,Hot Cocoa Mix,oz,0.08,,,
hot dog buns,Hot dog buns,each,0.3,,,
iceberg_lettuce,Iceberg Lettuce,lb,1.8,,,
iced_tea_ready_to_drink,Iced Tea (ready-to-drink),oz,0.04,,,
instant_yeast,Instant Yeast,lb,1.8,3.2,,
invert_sugar,Invert Sugar,lb,3.0,,,
jalapeno,Jalapeno,each,0.3,,,
jam,Jam / jelly,tbsp,0.08,,,
jicama,Jicama,lb,1.8,,,
kale,Kale,lb,2.0,,,
kefir,Kefir,oz,0.07,,,
ketchup,Ketchup,tbsp,0.04,,38.0,oz
kidney beans,Kidney beans (canned),can,1.0,,,
king_trumpet_mushrooms,King Trumpet Mushrooms,lb,1.8,,,
kombucha_bottle,Kombucha (bottle),oz,0.12,,,
lamb_chops_loin,Lamb Chops Loin,lb,10.5,,,
lamb_ground,Lamb Ground,lb,8.5,,,
lamb_leg_bone_in,Lamb Leg Bone In,lb,8.5,,,
lamb_leg_boneless,Lamb Leg Boneless,lb,8.5,,,
lamb_rack,Lamb Rack,lb,10.5,,,
lamb_shank,Lamb Shank,lb,8.5,,,
lamb_shoulder,Lamb Shoulder,lb,8.5,,,
lard,Lard,lb,4.0,,,
leek,Leek,lb,1.8,,,
lemon_curd,Lemon Curd,oz,0.3,,,
lemon_extract,Lemon Extract,cup,0.8,,,
lemon_grass,Lemon Grass,lb,1.8,,,
lemon_lime_soda_12_oz_can,Lemon-Lime Soda (12 oz can),oz,0.03,,,
lemonade,Lemonade,oz,0.04,,,
lemons,Lemons,each,0.6,,,
lettuce_romaine,Lettuce (romaine),each,1.99,,1.0,each
limeade,Limeade,oz,0.05,,,
limes,Limes,each,0.4,,,
lobster_tail,Lobster Tail,lb,18.0,,,
lobster_whole,Lobster Whole,lb,12.0,,,
macadamia_nuts,Macadamia Nuts,oz,1.0,,,
mackerel_fillet,Mackerel Fillet,lb,9.5,,,
mackerel_steak,Mackerel Steak,lb,9.5,,,
mackerel_whole,Mackerel Whole,lb,9.5,,,
mahi_mahi_fillet,Mahi Mahi Fillet,lb,8.5,,,
mahi_mahi_steak,Mahi Mahi Steak,lb,8.5,,,
mahi_mahi_whole,Mahi Mahi Whole,lb,8.5,,,
maitake_mushrooms,Maitake Mushrooms,lb,1.8,,,
maple_extract,Maple Extract,cup,0.8,,,
maple_syrup,Maple Syrup,cup,0.8,11.0,,
maple_water,Maple Water,oz,0.07,,,
maple syrup,Maple syrup,tbsp,0.5,,,
margarine,Margarine,lb,1.8,,,
marshmallows,Marshmallows,oz,0.3,,,
mascarpone,Mascarpone,lb,1.8,,,
mayo,Mayonnaise,tbsp,0.12,,30.0,oz
meringue_powder,Meringue Powder,oz,0.3,,,
milk,Milk (whole),gallon,3.5,,,
milk_chocolate_bar,Milk Chocolate Bar,cup,0.8,,,
milk_chocolate_chips,Milk Chocolate Chips,cup,0.8,,,
mineral_water_glass_bottle,Mineral Water (glass bottle),oz,0.05,,,
mint,Mint,lb,1.8,,,
mixed vegetables frozen,Mixed vegetables (frozen),lb,1.7,,,
mizuna,Mizuna,lb,1.8,,,
molasses,Molasses,lb,3.0,11.8,,
monkfish_fillet,Monkfish Fillet,lb,9.0,,,
monkfish_steak,Monkfish Steak,lb,9.0,,,
monkfish_whole,Monkfish Whole,lb,9.0,,,
mozzarella,Mozzarella,lb,3.8,,,
mozzarella_block,Mozzarella (block),oz,0.24,,16.0,oz
mozzarella_shredded,Mozzarella (shredded),oz,0.3,4.0,8.0,oz
mushrooms,Mushrooms (white),lb,2.99,,,
mussels,Mussels,lb,8.0,,,
mustard,Mustard (yellow),tbsp,0.03,,,
mustard_greens,Mustard Greens,lb,1.8,,,
napa_cabbage,Napa Cabbage,lb,1.8,,,
nutmeg_ground,Nutmeg (ground),tsp,0.1,,2.5,oz
nutmeg_whole,Nutmeg Whole,lb,1.8,,,
oat_bran,Oat Bran,lb,1.8,,,
oat_flour,Oat Flour,lb,1.8,,,
oat_milk_original,Oat Milk (original),oz,0.065,,,
oats,Oats (rolled),lb,1.2,,,
octopus,Octopus,lb,8.0,,,
okra,Okra,lb,1.8,,,
olive oil,Olive oil,tbsp,0.1,,,
onion,Onion,lb,1.2,,,
onion_medium,Onion (medium),lb,1.2,,1.0,lb
orange_extract,Orange Extract,cup,0.8,,,
orange_juice_not_from_concentrate,Orange Juice (not from concentrate),oz,0.05,,,
oranges,Oranges (navel),lb,1.39,,,
oregano,Oregano (dried),tsp,0.06,,,
oyster_mushrooms,Oyster Mushrooms,lb,1.8,,,
oysters_shucked,Oysters Shucked,lb,8.0,,,
panko,Panko breadcrumbs,oz,0.12,,8.0,oz
paprika,Paprika,tsp,0.05,,2.5,oz
parmesan,Parmesan,oz,0.75,,,
parmesan_block,Parmesan (block),oz,0.9,,8.0,oz
parmesan_grated,Parmesan (grated),oz,0.8,3.0,8.0,oz
parsley,Parsley bunch,each,0.99,,,
parsnip,Parsnip,lb,1.8,,,
pasta,Pasta (dry),lb,1.1,,,
pastry_flour,Pastry Flour,lb,1.8,4.25,,
peanut_butter_crunchy,Peanut Butter Crunchy,lb,4.0,,,
peanut_butter_smooth,Peanut Butter Smooth,lb,4.0,,,
peanut_butter,Peanut butter,tbsp,0.08,9.6,40.0,tbsp
peanuts,Peanuts,oz,0.35,,,
pearl_onions,Pearl Onions,lb,1.8,,,
peas frozen,Peas (frozen),lb,1.5,,,
pecans,Pecans,oz,0.75,,,
peppermint_extract,Peppermint Extract,cup,0.8,,,
perch_fillet,Perch Fillet,lb,8.5,,,
perch_steak,Perch Steak,lb,8.5,,,
perch_whole,Perch Whole,lb,8.5,,,
pickles,Pickles,each,0.2,,,
pie_filling_apple,Pie Filling Apple,oz,0.3,,,
pie_filling_cherry,Pie Filling Cherry,oz,0.3,,,
pineapple_juice,Pineapple Juice,oz,0.05,,,
pinto beans,Pinto beans (canned),can,1.0,,,
pistachios,Pistachios,oz,0.9,,,
polenta,Polenta (dry),lb,1.4,,1.0,lb
pollock_fillet,Pollock Fillet,lb,8.5,,,
pollock_steak,Pollock Steak,lb,8.5,,,
pollock_whole,Pollock Whole,lb,8.5,,,
pomegranate_juice,Pomegranate Juice,oz,0.08,,,
pompano_fillet,Pompano Fillet,lb,9.0,,,
pompano_steak,Pompano Steak,lb,9.0,,,
pompano_whole,Pompano Whole,lb,9.0,,,
poppy_seeds,Poppy Seeds,oz,0.35,,,
pork_baby_back_ribs,Pork Baby Back Ribs,lb,5.0,,,
pork_baby_back_ribs_bone_in,Pork Baby Back Ribs Bone In,lb,5.0,,,
pork_baby_back_ribs_boneless,Pork Baby Back Ribs Boneless,lb,5.0,,,
pork_baby_back_ribs_thick_cut,Pork Baby Back Ribs Thick Cut,lb,5.0,,,
pork_baby_back_ribs_thin_cut,Pork Baby Back Ribs Thin Cut,lb,5.0,,,
pork_bacon,Pork Bacon,lb,4.5,,,
pork_belly,Pork Belly,lb,4.0,,,
pork_belly_bone_in,Pork Belly Bone In,lb,4.0,,,
pork_belly_boneless,Pork Belly Boneless,lb,4.0,,,
pork_belly_thick_cut,Pork Belly Thick Cut,lb,4.0,,,
pork_belly_thin_cut,Pork Belly Thin Cut,lb,4.0,,,
pork_chop_large,Pork Chop Large,lb,9.0,,,
pork_chop_medium,Pork Chop Medium,lb,9.0,,,
pork_chop_small,Pork Chop Small,lb,9.0,,,
pork_country_style_ribs,Pork Country Style Ribs,lb,5.0,,,
pork_country_style_ribs_bone_in,Pork Country Style Ribs Bone In,lb,5.0,,,
pork_country_style_ribs_boneless,Pork Country Style Ribs Boneless,lb,5.0,,,
pork_country_style_ribs_thick_cut,Pork Country Style Ribs Thick Cut,lb,5.0,,,
pork_country_style_ribs_thin_cut,Pork Country Style Ribs Thin Cut,lb,5.0,,,
pork_ham_fresh,Pork Ham Fresh,lb,4.2,,,
pork_ham_fresh_bone_in,Pork Ham Fresh Bone In,lb,4.2,,,
pork_ham_fresh_boneless,Pork Ham Fresh Boneless,lb,4.2,,,
pork_ham_fresh_thick_cut,Pork Ham Fresh Thick Cut,lb,4.2,,,
pork_ham_fresh_thin_cut,Pork Ham Fresh Thin Cut,lb,4.2,,,
pork_hocks,Pork Hocks,lb,4.2,,,
pork_hocks_bone_in,Pork Hocks Bone In,lb,4.2,,,
pork_hocks_boneless,Pork Hocks Boneless,lb,4.2,,,
pork_hocks_thick_cut,Pork Hocks Thick Cut,lb,4.2,,,
pork_hocks_thin_cut,Pork Hocks Thin Cut,lb,4.2,,,
pork_loin_chops,Pork Loin Chops,lb,3.5,,,
pork_loin_chops_bone_in,Pork Loin Chops Bone In,lb,3.5,,,
pork_loin_chops_boneless,Pork Loin Chops Boneless,lb,3.5,,,
pork_loin_chops_thick_cut,Pork Loin Chops Thick Cut,lb,3.5,,,
pork_loin_chops_thin_cut,Pork Loin Chops Thin Cut,lb,3.5,,,
pork_loin_roast,Pork Loin Roast,lb,3.5,,,
pork_loin_roast_bone_in,Pork Loin Roast Bone In,lb,3.5,,,
pork_loin_roast_boneless,Pork Loin Roast Boneless,lb,3.5,,,
pork_loin_roast_thick_cut,Pork Loin Roast Thick Cut,lb,3.5,,,
pork_loin_roast_thin_cut,Pork Loin Roast Thin Cut,lb,3.5,,,
pork_picnic_shoulder,Pork Picnic Shoulder,lb,2.5,,,
pork_picnic_shoulder_bone_in,Pork Picnic Shoulder Bone In,lb,2.5,,,
pork_picnic_shoulder_boneless,Pork Picnic Shoulder Boneless,lb,2.5,,,
pork_picnic_shoulder_thick_cut,Pork Picnic Shoulder Thick Cut,lb,2.5,,,
pork_picnic_shoulder_thin_cut,Pork Picnic Shoulder Thin Cut,lb,2.5,,,
pork_sausage_bulk,Pork Sausage Bulk,lb,4.5,,,
pork_shoulder_boston_butt,Pork Shoulder Boston Butt,lb,2.5,,,
pork_shoulder_boston_butt_bone_in,Pork Shoulder Boston Butt Bone In,lb,2.5,,,
pork_shoulder_boston_butt_boneless,Pork Shoulder Boston Butt Boneless,lb,2.5,,,
pork_shoulder_boston_butt_thick_cut,Pork Shoulder Boston Butt Thick Cut,lb,2.5,,,
pork_shoulder_boston_butt_thin_cut,Pork Shoulder Boston Butt Thin Cut,lb,2.5,,,
pork_spare_ribs,Pork Spare Ribs,lb,5.0,,,
pork_spare_ribs_bone_in,Pork Spare Ribs Bone In,lb,5.0,,,
pork_spare_ribs_boneless,Pork Spare Ribs Boneless,lb,5.0,,,
pork_spare_ribs_thick_cut,Pork Spare Ribs Thick Cut,lb,5.0,,,
pork_spare_ribs_thin_cut,Pork Spare Ribs Thin Cut,lb,5.0,,,
pork_stew_meat,Pork Stew Meat,lb,4.2,,,
pork_stew_meat_bone_in,Pork Stew Meat Bone In,lb,4.2,,,
pork_stew_meat_boneless,Pork Stew Meat Boneless,lb,4.2,,,
pork_stew_meat_thick_cut,Pork Stew Meat Thick Cut,lb,4.2,,,
pork_stew_meat_thin_cut,Pork Stew Meat Thin Cut,lb,4.2,,,
pork_tenderloin,Pork Tenderloin,lb,3.5,,,
pork_tenderloin_bone_in,Pork Tenderloin Bone In,lb,3.5,,,
pork_tenderloin_boneless,Pork Tenderloin Boneless,lb,3.5,,,
pork_tenderloin_thick_cut,Pork Tenderloin Thick Cut,lb,3.5,,,
pork_tenderloin_thin_cut,Pork Tenderloin Thin Cut,lb,3.5,,,
pork chops,Pork chops,lb,3.29,,,
pork shoulder,Pork shoulder/butt,lb,2.5,,,
portobello_mushrooms,Portobello Mushrooms,lb,1.8,,,
potato,Potato (russet),lb,0.9,,,
potato_flour,Potato Flour,lb,1.8,,,
potato_starch,Potato Starch,lb,1.8,,,
potato_yukon_gold,Potato Yukon Gold,lb,1.8,,,
powdered_milk,Powdered Milk,cup,0.8,,,
powdered_sugar,Powdered Sugar,lb,1.8,4.25,,
powdered sugar,Powdered sugar,lb,1.2,,,
probiotic_drink_yogurt,Probiotic Drink (yogurt),oz,0.1,,,
pudding_mix_instant,Pudding Mix Instant,oz,0.3,,,
pumpkin_pie_spice,Pumpkin Pie Spice,lb,1.8,,,
pumpkin_puree,Pumpkin Puree,cup,0.8,8.0,,
pumpkin_seeds,Pumpkin Seeds,oz,0.22,,,
quail_whole,Quail Whole,lb,5.5,,,
quinoa_dry,Quinoa (dry),lb,3.5,5.8,1.0,lb
rabbit_whole,Rabbit Whole,lb,9.0,,,
radicchio,Radicchio,lb,1.8,,,
radish,Radish,lb,1.8,,,
rainbow_sprinkles,Rainbow Sprinkles,oz,0.3,,,
raisins,Raisins,lb,1.8,,,
red_leaf_lettuce,Red Leaf Lettuce,lb,1.8,,,
red_onion,Red Onion,lb,1.8,,,
red_potatoes,Red Potatoes,lb,1.8,,,
rhubarb,Rhubarb,lb,1.8,,,
rice,Rice (dry),lb,1.2,,,
rice_flour,Rice Flour,lb,1.8,,,
ricotta,Ricotta,lb,1.8,,,
rockfish_fillet,Rockfish Fillet,lb,8.5,,,
rockfish_steak,Rockfish Steak,lb,8.5,,,
rockfish_whole,Rockfish Whole,lb,8.5,,,
rolled_oats,Rolled Oats,lb,1.8,3.2,,
romaine_lettuce,Romaine Lettuce,lb,1.8,,,
root_beer_12_oz_can,Root Beer (12 oz can),oz,0.03,,,
rosemary,Rosemary,lb,1.8,,,
royal_icing_mix,Royal Icing Mix,oz,0.3,,,
rum_extract,Rum Extract,cup,0.8,,,
rutabaga,Rutabaga,lb,1.8,,,
rye_flour,Rye Flour,lb,1.8,,,
sage,Sage,lb,1.8,,,
salmon,Salmon (fillet),lb,9.5,,,
salmon_fillet_large,Salmon Fillet Large,lb,9.5,,,
salmon_fillet_medium,Salmon Fillet Medium,lb,9.5,,,
salmon_fillet_skin_on,Salmon Fillet Skin On,lb,9.5,,,
salmon_fillet_skinless,Salmon Fillet Skinless,lb,9.5,,,
salmon_fillet_small,Salmon Fillet Small,lb,9.5,,,
salmon_fillet_trimmed,Salmon Fillet Trimmed,lb,9.5,,,
salmon_steak,Salmon Steak,lb,9.5,,,
salmon_whole,Salmon Whole,lb,9.5,,,
salt,Salt,oz,0.05,,16.0,oz
salted_butter,Salted Butter,lb,4.0,,,
sardines_canned,Sardines (canned),can,1.5,,1.0,can
scallops_bay,Scallops Bay,lb,10.0,,,
scallops_sea,Scallops Sea,lb,13.0,,,
sea_bass_fillet,Sea Bass Fillet,lb,14.0,,,
sea_bass_steak,Sea Bass Steak,lb,14.0,,,
sea_bass_whole,Sea Bass Whole,lb,14.0,,,
self_rising_flour,Self-Rising Flour,lb,1.8,,,
semisweet_chocolate_chips,Semisweet Chocolate Chips,oz,0.6,,,
semolina_flour,Semolina Flour,lb,1.8,,,
serrano,Serrano,lb,1.8,,,
sesame_seeds,Sesame Seeds,oz,0.35,,,
shallot,Shallot,lb,1.8,,,
shiitake_mushrooms,Shiitake Mushrooms,lb,1.8,,,
shortening,Shortening,lb,4.0,,,
shredded_coconut_sweetened,Shredded Coconut Sweetened,oz,0.3,,,
shrimp,"Shrimp (raw, 31-40)",lb,9.0,,,
shrimp_cooked_peeled,Shrimp Cooked Peeled,lb,9.0,,,
shrimp_large_raw_peeled,Shrimp Large Raw Peeled,lb,9.0,,,
shrimp_medium_raw_peeled,Shrimp Medium Raw Peeled,lb,9.0,,,
shrimp_raw_peeled,Shrimp Raw Peeled,lb,9.0,,,
shrimp_raw_shell_on,Shrimp Raw Shell On,lb,9.0,,,
shrimp_small_raw_peeled,Shrimp Small Raw Peeled,lb,9.0,,,
simple_syrup,Simple Syrup,cup,0.8,,,
simple_syrup_bottle,Simple Syrup (bottle),oz,0.07,,,
skim_milk,Skim Milk,cup,0.8,,,
snap_peas,Snap Peas,lb,1.8,,,
snapper_fillet,Snapper Fillet,lb,8.5,,,
snapper_steak,Snapper Steak,lb,8.5,,,
snapper_whole,Snapper Whole,lb,8.5,,,
snow_peas,Snow Peas,lb,1.8,,,
sole_fillet,Sole Fillet,lb,8.5,,,
sole_steak,Sole Steak,lb,8.5,,,
sole_whole,Sole Whole,lb,8.5,,,
sour_mix,Sour Mix,oz,0.06,,,
sour cream,Sour cream,cup,1.25,,,
soy_milk_original,Soy Milk (original),oz,0.055,,,
soy milk,Soy milk (unsweetened),cup,0.4,,,
soy sauce,Soy sauce,tbsp,0.08,,,
sparkling_water_12_oz_can,Sparkling Water (12 oz can),oz,0.03,,,
spelt_flour,Spelt Flour,lb,1.8,,,
spinach,Spinach (fresh),lb,3.5,,,
sports_drink_20_oz,Sports Drink (20 oz),oz,0.04,,,
spring_onion,Spring Onion,lb,1.8,,,
squid_tubes,Squid Tubes,lb,8.0,,,
sriracha,Sriracha,tbsp,0.2,,,
steel_cut_oats,Steel Cut Oats,lb,1.8,3.4,,
strawberries,Strawberries,lb,2.99,,,
sugar,Sugar (granulated),lb,0.8,,,
sunflower_seeds,Sunflower Seeds,oz,0.2,,,
sweet_onion,Sweet Onion,lb,1.8,,,
sweet_potato,Sweet Potato,lb,1.8,,,
sweet potato,Sweet potato,lb,1.2,,,
sweetened_condensed_milk,Sweetened condensed milk (can),can,2.1,10.5,1.0,can
swordfish_fillet,Swordfish Fillet,lb,14.0,,,
swordfish_steak,Swordfish Steak,lb,14.0,,,
swordfish_whole,Swordfish Whole,lb,14.0,,,
tapioca_starch,Tapioca Starch,lb,1.8,4.25,,
taro,Taro,lb,1.8,,,
tarragon,Tarragon,lb,1.8,,,
tatsoi,Tatsoi,lb,1.8,,,
tempeh,Tempeh,lb,3.5,,,
thyme,Thyme,lb,1.8,,,
tilapia,Tilapia (fillet),lb,8.5,,,
tilapia_fillet,Tilapia Fillet,lb,8.5,,,
tilapia_steak,Tilapia Steak,lb,8.5,,,
tilapia_whole,Tilapia Whole,lb,8.5,,,
tilefish_fillet,Tilefish Fillet,lb,9.0,,,
tilefish_steak,Tilefish Steak,lb,9.0,,,
tilefish_whole,Tilefish Whole,lb,9.0,,,
toasted_almonds,Toasted Almonds,oz,0.4,,,
toasted_chocolate_chips,Toasted Chocolate Chips,oz,0.4,,,
toasted_coconut,Toasted Coconut,oz,0.3,,,
toasted_coconut_flakes,Toasted Coconut Flakes,oz,0.4,,,
toasted_hazelnuts,Toasted Hazelnuts,oz,0.4,,,
toasted_pecans,Toasted Pecans,oz,0.4,,,
toasted_pistachios,Toasted Pistachios,oz,0.4,,,
toasted_walnuts,Toasted Walnuts,oz,0.4,,,
tofu,Tofu (firm),lb,2.29,,,
tomatillo,Tomatillo,lb,1.8,,,
tomato,Tomato,lb,1.49,,1.0,lb
roma tomato,Tomato (roma),lb,1.59,,,
tomato_juice,Tomato Juice,oz,0.04,,,
tomato_roma,Tomato Roma,lb,1.8,,,
tomato_vine_ripe,Tomato Vine Ripe,lb,1.8,,,
tomato_paste_can,Tomato paste (can),can,1.1,,1.0,can
tomato paste,Tomato paste (canned),oz,0.2,,,
tomato_sauce_can,Tomato sauce (can),can,1.3,,1.0,can
tomato sauce,Tomato sauce (canned),can,1.1,,,
grape tomato,Tomatoes (grape),lb,2.99,,,
diced tomatoes,"Tomatoes, diced (canned)",can,1.2,,,
tonic_water_1_l,Tonic Water (1 L),oz,0.035,,,
tortillas,Tortillas (8-inch),each,0.25,,,
trout_fillet,Trout Fillet,lb,8.5,,,
trout_steak,Trout Steak,lb,8.5,,,
trout_whole,Trout Whole,lb,8.5,,,
tuna canned,Tuna (canned),can,1.19,,,
tuna_ahi_steak,Tuna Ahi Steak,lb,10.0,,,
tuna_albacore_steak,Tuna Albacore Steak,lb,10.0,,,
tuna_fillet,Tuna Fillet,lb,10.0,,,
tuna_steak,Tuna Steak,lb,10.0,,,
tuna_whole,Tuna Whole,lb,10.0,,,
turbinado_sugar,Turbinado Sugar,lb,1.8,6.8,,
turkey_breast_boneless,Turkey Breast Boneless,lb,3.2,,,
turkey_ground,Turkey Ground,lb,3.0,,,
turkey_leg,Turkey Leg,lb,2.49,,,
turkey_thighs,Turkey Thighs,lb,2.2,,,
turkey_whole,Turkey Whole,lb,1.8,,,
turmeric_root,Turmeric Root,lb,1.8,,,
turnip,Turnip,lb,1.8,,,
turnip_greens,Turnip Greens,lb,1.8,,,
unsalted_butter,Unsalted Butter,lb,4.0,,,
unsweetened_baking_chocolate,Unsweetened Baking Chocolate,oz,0.6,,,
vanilla_bean_paste,Vanilla Bean Paste,lb,1.8,,,
vanilla extract,Vanilla extract,tsp,0.5,,,
veg_oil,Vegetable oil,tbsp,0.05,,48.0,fl oz
venison_ground,Venison Ground,lb,8.0,,,
venison_steaks,Venison Steaks,lb,12.0,,,
vinegar apple cider,Vinegar (apple cider),tbsp,0.03,,,
vinegar white,Vinegar (white),tbsp,0.02,,,
wahoo_fillet,Wahoo Fillet,lb,9.0,,,
wahoo_steak,Wahoo Steak,lb,9.0,,,
wahoo_whole,Wahoo Whole,lb,9.0,,,
walnuts,Walnuts,oz,0.7,,,
wax_beans,Wax Beans,lb,1.8,,,
wheat_bran,Wheat Bran,lb,1.8,,,
white_chocolate_bar,White Chocolate Bar,oz,0.6,,,
white_chocolate_chips,White Chocolate Chips,oz,0.6,,,
white_mushrooms,White Mushrooms,lb,1.8,,,
white_onion,White Onion,lb,1.8,,,
whiting_fillet,Whiting Fillet,lb,8.5,,,
whiting_steak,Whiting Steak,lb,8.5,,,
whiting_whole,Whiting Whole,lb,8.5,,,
whole_milk,Whole Milk,gallon,4.8,,,
whole_wheat_flour,Whole Wheat Flour,lb,1.8,4.6,,
yam,Yam,lb,1.8,,,
yeast,Yeast (dry active),oz,1.2,,,
yellow_onion,Yellow Onion,lb,1.8,,,
yellow_squash,Yellow Squash,lb,1.8,,,
yogurt,Yogurt (plain),cup,0.8,,,
yuca,Yuca,lb,1.8,,,
zucchini,Zucchini,lb,1.69,,,
